w,频数,左信息熵,右信息熵,右右信息熵,凝聚度
爸爸,5,1.3321790402101223,1.6094379124341005,2.941616952644223,33814.399999999994
巡洋艦,5,1.3321790402101223,1.6094379124341005,2.941616952644223,15028.62222222222
仇恨,47,1.4588400358275873,1.3856053167494184,2.8444453525770057,14389.106382978725
湖南省,6,1.7917594692280547,1.7917594692280547,3.5835189384561095,13525.759999999998
顛覆,51,1.735774436685489,1.6923201894993372,3.4280946261848264,11620.851752021563
咖啡,109,1.7569154161177063,1.9644103243540147,3.721325740471721,6204.477064220183
鼓勵,76,1.5681073371328327,1.785898156613999,3.3540054937468318,5523.0913389211255
蔣介石,10,1.5047882836811908,2.3025850929940455,3.807373376675236,4796.368794326241
癥狀,53,1.3812870862950852,1.3812870862950852,2.7625741725901705,4696.444444444444
圍繞,42,1.3633979827607177,1.4431836273045657,2.806581610065283,4345.791921664627
操縱,79,1.3988003541558438,1.3988003541558438,2.7976007083116876,4165.179075387854
複雜,98,2.067151665575268,2.067151665575268,4.134303331150536,3904.5731118180743
必須,66,1.6954764688227688,1.7999961329684955,3.4954726017912643,3687.6245869134173
媽媽,47,1.562772675948449,1.7079066911728809,3.27067936712133,3597.2765957446813
依賴,79,1.4983283515144061,1.722542389125081,3.220870740639487,3504.7725006559963
矽谷,132,1.7558060396574244,1.7709970139064546,3.526803053563879,3136.4632141100415
虛擬,63,1.811427701093284,1.544359579264214,3.355787280357498,3068.722558340536
煤礦,7,1.945910149055313,1.945910149055313,3.891820298110626,3022.998722860792
丈夫,88,1.669882600869089,1.450004873687916,3.119887474557005,2953.222707423581
組織,141,2.3021434593633696,2.232173830538737,4.5343172899021065,2933.5981541301335
腐敗,96,1.428161721252066,1.428161721252066,2.856323442504132,2910.0693859255935
譴責,53,1.9146424078954758,1.852456806650111,3.7670992145455866,2468.204379562044
殘酷,101,1.5621118498726418,1.460258540666962,3.0223703905396038,2280.941962198624
少數民族,10,1.8343719702816235,2.3025850929940455,4.136957063275669,2269.422818791946
破壞,147,2.041175743663317,1.7945944624478583,3.8357702061111754,2228.8210922787193
兒童,93,1.487803302993509,1.502709693973293,2.990512996966802,2211.412538237052
什麼,227,1.7313806670739746,1.6174298214728107,3.3488104885467855,2174.1591276023228
拒絕,117,2.03140142477201,1.8681194949161932,3.899520919688203,2172.7084408808832
林鄭月娥,15,1.5802363404761086,2.488327743368588,4.068564083844697,2146.9460317460316
穆斯林,7,1.7478680974667573,1.4750763110546947,3.2229444085214523,2146.9460317460316
擺脫,102,1.3821727725367752,1.3821727725367752,2.7643455450735503,2053.017142857143
攝影師,107,1.3376525106414137,1.842937371236514,3.1805898818779275,2030.894894894895
缺乏,175,2.2617279872769447,2.4669552629648015,4.728683250241746,1984.413145539906
餐廳,98,1.738782682306552,1.6735218400583542,3.4123045223649062,1866.9358873239435
朝鮮,148,1.8737607512075765,2.030333375599597,3.9040941268071734,1851.8154301572617
哈佛,45,1.4620537785896908,1.4620537785896908,2.9241075571793815,1806.3247863247864
購買,163,1.8685388083357781,1.7301656846181759,3.598704492953954,1780.1651056133326
納瓦爾尼,95,2.0646494872693353,1.7182768785807503,3.7829263658500856,1668.6325740851364
迅速,110,1.6667009816761853,1.6667009816761853,3.3334019633523706,1610.2095238095235
航班,85,1.6480128717595681,1.6757113679734914,3.3237242397330595,1557.0010834236184
干預,117,1.5545277940486313,1.766921741971122,3.3214495360197533,1526.138368661639
紀念,64,1.7667637292053069,1.470046471211211,3.236810200416518,1500.2056081245016
駭客,68,1.8564621934010737,1.972702477554722,3.8291646709557954,1483.0877192982455
拋售,56,1.3782247791211932,1.3782247791211932,2.7564495582423865,1478.91783817557
健康,411,2.7439938533603714,2.1080060681840256,4.851999921544397,1465.772124663819
紐約,188,1.9533380652847547,2.2017145796865294,4.155052644971284,1449.8055099434412
伊朗,157,1.594440664839406,2.2776939296483754,3.8721345944877816,1448.015928865614
基督徒,11,1.893788232391138,2.1458417525947544,4.0396299849858925,1429.7843551797039
拍攝,52,1.584726874909497,1.520284623547158,3.105011498456655,1427.1153315477643
宗教,12,2.4849066497880012,2.1383330595080277,4.623239709296029,1405.273766233766
談判,120,1.8874488869610149,1.8274370999536647,3.7148859869146795,1368.2885130920067
包括,365,2.0113309079351507,2.6402330538427643,4.651563961777915,1355.2865731462925
烏克蘭,394,2.0379266488037455,2.241705650679352,4.279632299483097,1338.4442033353425
花滑,36,1.3862943611198906,1.3862943611198906,2.772588722239781,1328.2252045826513
醫療,17,1.3972047975232544,1.3972047975232544,2.794409595046509,1319.662075298439
聯繫,251,2.279053976593576,1.7432481404514493,4.022302117045025,1290.6259541984732
貿易,304,2.4070384995585945,2.515400384699076,4.92243888425767,1273.6120527306969
衝突,360,2.549664947657335,2.138378026128595,4.68804297378593,1265.0223944964616
波音,106,1.5336026199899324,1.5526703712251244,3.086272991215057,1242.2285991543633
奧本海默,53,1.3857668653329982,1.453737826986086,2.839504692319084,1240.8954128440369
奧爾特曼,141,1.8855856262007487,2.2690287473615696,4.154614373562318,1240.8954128440366
基礎設施,182,2.033889109113028,1.488142720683734,3.522031829796762,1240.8954128440366
考慮,76,1.5863339387898336,1.5863339387898336,3.1726678775796673,1232.5632613908872
研究,482,2.0101968907674395,2.082886562718615,4.093083453486054,1224.8325699363104
簽證,91,1.8760046710904934,2.043578714742348,3.9195833858328415,1200.0742560742563
塑料,64,1.4375213742826947,1.4375213742826947,2.8750427485653893,1196.3413029658088
似乎,153,2.5126577682849884,2.3245840623819687,4.837241830666957,1191.004212804162
威脅,356,2.161073199751518,2.1540902246219367,4.315163424373455,1182.3216783216783
塵肺病,59,2.5284789397483434,2.315939976800949,4.844418916549293,1125.36642599278
批准,39,1.6984745292790422,1.5410989637076045,3.2395734929866467,1100.9864752045416
避免,296,2.1374514784211374,2.1374514784211374,4.274902956842275,1085.6993600173555
結束,136,2.0475592740115798,1.9564182643160768,4.003977538327657,1068.3854660347552
廣泛,215,2.064675305652189,2.049306313331979,4.113981618984168,1063.2526032526032
晶片,120,1.5829835138758257,1.5438440249599865,3.126827538835812,1060.012539184953
推遲,60,1.3131125801333923,1.3131125801333923,2.6262251602667845,1034.395839706332
基督教,6,1.7917594692280547,1.7917594692280547,3.5835189384561095,1033.2895339954161
允許,38,1.7806384100456385,1.692454276602438,3.4730926866480765,1032.5007633587786
激烈,141,1.7502918536295176,1.5065562372241468,3.2568480908536643,1014.3240931815764
陷入困境,62,1.4579276756181925,1.336252291224281,2.7941799668424734,1003.3946587537092
準備,131,2.0415054954202962,1.9622764625311506,4.003781957951447,989.6529043789097
冬奧,86,1.7260657778798185,1.4359111441570507,3.161976922036869,988.12042133877
拜登,497,1.9245522419952696,1.5487309630014956,3.4732832049967652,985.5246003541981
減少,109,1.8489106591816102,1.9367157493788238,3.785626408560434,977.735522720641
甚至,236,1.6590893687966883,2.676247282697473,4.335336651494162,974.2582941136973
火災,78,1.5900259475335026,1.5900259475335026,3.180051895067005,959.0644703828953
武器,98,1.3404051215953976,1.33530102375776,2.675706145353158,957.3338725985844
調查,279,2.6099810783478055,2.2848893931534735,4.894870471501279,942.6676258992806
維吾爾,67,2.4317417278518834,1.469479130705328,3.9012208585572115,935.3914246196404
批評,280,2.5947036074606027,1.7532946014256365,4.3479982088862394,935.1327433628319
繼續,168,2.1897503405397813,2.2779290024040395,4.467679342943821,923.5752816660977
敘利亞,5,1.6094379124341005,1.3321790402101223,2.941616952644223,885.1937172774868
計劃,237,2.1714299025181947,1.9532647322218906,4.124694634740085,881.4938073344039
充滿,197,2.0837362048881336,2.14239269981169,4.226128904699824,880.8103823294128
天主教,6,1.329661348854758,1.5607104090414063,2.8903717578961645,876.0207253886009
疾病,156,1.4622849626528542,1.7466530367287294,3.2089379993815834,873.5545325075349
希望,543,2.5386153743528506,2.796312323374536,5.3349276977273865,870.7612110175278
王室,104,1.7172552336101587,1.3862943611198906,3.1035495947300493,863.9685534591196
風險,259,2.015174298647357,1.5737064651176416,3.5888807637649984,853.2584055104685
瑞士,75,1.425070898416148,1.6570369669833882,3.082107865399536,850.0351935646052
音樂,81,1.7172197663813538,1.4863993821776096,3.203619148558963,848.2660968131562
汽車,353,1.6840735283949195,2.163650253763724,3.8477237821586434,846.3220019923497
放棄,80,1.511257535712388,1.4835554531312163,2.9948129888436044,842.9628244679194
意識形態,5,1.3321790402101223,1.6094379124341005,2.941616952644223,842.2017434620175
歷史,177,2.2974100977140757,2.3480861918028877,4.645496289516963,825.9991857520408
審查,198,1.9306221476156151,1.8571287562799983,3.7877509038956134,824.7821030846555
湖南,12,1.9072839993213795,1.4735023850806486,3.380786384402028,800.6566692975532
改編,171,1.6574783157127506,1.4431399641145422,3.1006182798272928,798.7157035410148
試圖,430,2.1924051266438993,2.2067994148316443,4.399204541475544,776.294603649177
普丁,242,1.7611121573863342,2.7020292363723697,4.463141393758704,770.7384997927888
建築,132,1.7985786274503393,1.5130408692619208,3.31161949671226,756.7115307999422
回歸,162,1.9441858355086874,1.5628289539460904,3.507014789454778,751.802371541502
緊張,403,2.0721454762642577,1.9032059489420878,3.9753514252063455,748.1760194137445
蘋果,313,1.8181370113915192,2.3170160174309893,4.135153028822509,744.8105726872246
廉價,69,1.5783373501677531,1.5783373501677531,3.1566747003355062,743.5407192593891
特斯拉,259,1.4542538397243494,1.9038208139005528,3.358074653624902,742.357848518112
領袖,158,1.9277549162493528,1.8121690155081323,3.739923931757485,741.5438596491229
幫助,283,2.328042000318341,2.4113889776793074,4.739430977997648,740.8721557697519
債務,164,1.9896155324647642,1.77098091856382,3.760596451028584,736.8293107457232
措施,117,1.8380901071674653,1.4987346464251923,3.3368247535926576,729.5716748882024
乘客,85,1.5577269974229566,1.5577269974229566,3.1154539948459132,716.2639553429027
領域,158,2.075765797063246,1.7794421079411658,3.855207905004412,714.4142062473256
武裝,187,1.3976077971689607,1.7225001973184635,3.120107994487424,712.7969248458478
華盛頓,142,1.4182510982317735,1.589592910609772,3.0078440088415457,710.3865546218487
攻擊,179,2.2889535918624753,1.6900996931796457,3.979053285042121,703.680431547619
川普,373,2.2082824161097165,2.423054934530371,4.631337350640088,701.7231111605653
選擇,243,2.574782847057504,2.264522951050031,4.839305798107535,687.2845528455284
改善,95,1.5461284516701437,1.717714118868003,3.263842570538147,685.7660080907705
網路,238,1.7146879194496436,2.1208914047333542,3.835579324182998,682.7280184937753
展覽,45,1.3855641831080479,1.4620537785896908,2.847617961697739,679.6864321608041
規模,258,1.917059675292512,2.4920403356512812,4.409100010943793,673.6508397359175
藝術,245,1.7136373120176303,1.8135081929103565,3.5271455049279865,660.7825355235715
越來越,381,2.41888838534716,2.130078513597646,4.548966898944806,659.463882063882
航空,120,1.424803002782645,1.424803002782645,2.84960600556529,645.7751253282406
背景,93,1.9056183012905292,1.462659556358538,3.3682778576490673,644.7176333107817
援助,167,1.8068736715018536,1.4095284632001372,3.216402134701991,641.0858602486235
轉移,138,1.9578722547750005,1.7665844623190883,3.724456717094089,637.3888076928331
香港,893,2.8542075315471447,3.3967214158260752,6.25092894737322,636.0186869431515
系統,335,2.394025682123301,2.1403510962889087,4.534376778412209,635.2098333445483
熱門,69,1.5132892867728134,1.6924966545808107,3.205785941353624,635.0554164398476
記錄,157,2.201812900174348,1.5486755811937378,3.7504884813680857,633.2511242321226
習近平,368,1.962436523370819,2.880066655857975,4.842503179228794,631.454715219421
花園,37,1.3608925437978447,1.3608925437978447,2.7217850875956895,630.0555457635654
信息,250,2.178342990331612,2.199256089503897,4.377599079835509,626.849623865014
集團,110,1.5746635757530285,1.9995870916728358,3.574250667425864,623.6727028839705
情報機構,103,1.3415939059402464,1.7272355424702421,3.0688294484104883,616.4886052871467
引渡法案,6,1.3296613488547582,1.5607104090414063,2.8903717578961645,612.5797101449275
逃離,69,1.5634490380955575,1.3811995713949554,2.944648609490513,605.3953295277634
環境,232,1.8807756422076567,2.4052677208493125,4.286043363056969,598.4256062489989
教育,72,1.3685618176363206,1.720907995195061,3.0894698128313816,595.4549856922738
品牌,91,1.3074206980543184,1.3074206980543184,2.6148413961086368,588.2170418160097
指責,151,1.6770608611491467,1.8467884984603797,3.5238493596095264,570.7486390717743
深刻,50,1.3787962686570654,1.3787962686570654,2.757592537314131,556.8356223034615
提醒,113,1.5289681657199146,1.3407352377029151,2.8697034034228297,551.3628420741253
北京,839,2.439201236758153,3.212915376503263,5.652116613261416,549.1725540335327
排放,65,1.7782333057997073,1.7782333057997073,3.5564666115994146,542.2182751134793
宣布,187,1.9652779290501967,1.6701004039920175,3.6353783330422145,538.4366899981266
疫情,296,2.2878646241704557,2.2464790981006226,4.534343722271078,538.290935589957
局勢,261,1.4383110474517355,2.2860897466386114,3.724400794090347,533.4662169513655
巨額,103,1.6797348750214316,1.4791008513097823,3.1588357263312137,525.9881599613385
台灣,828,2.438721928565,2.8357907735889882,5.274512702153988,524.5587484777518
邊境,72,1.657903030910508,1.607868850804763,3.265771881715271,523.5102567410656
穩定,218,1.6296922544298154,1.8456698078103473,3.475362062240163,521.2736504165076
襲擊,305,2.627982587694585,1.804168781839851,4.432151369534436,515.0103867050176
技術,395,3.113456581434022,2.7948364258240215,5.9082930072580435,508.9803578607617
分歧,162,1.5490549608784219,1.6846787883546517,3.2337337492330738,508.95965808789373
遊客,138,1.7864601339647646,2.13413962088244,3.9205997548472045,507.8563406033695
降低,49,1.4972518068846992,1.4972518068846992,2.9945036137693983,505.39297533895586
招致,63,1.591742395012575,1.591742395012575,3.18348479002515,498.7491396062089
投資,494,2.497912456793159,1.710130072206177,4.208042528999336,496.3485784919654
限制,227,2.2939036961841897,1.7966904523894318,4.090594148573621,489.91988562383517
提供,455,2.954408658729651,2.3155775934889866,5.269986252218638,486.0754566765447
問題,796,2.799267841095403,2.209131772694061,5.008399613789464,480.7454088868092
城市,229,1.9887709011633585,2.9732456203514355,4.962016521514794,479.2064855498484
警察,57,2.552592255134674,2.599178181947084,5.151770437081758,478.802831946342
科技,299,2.4334360931484076,2.2490409501978483,4.682477043346256,477.16272747866805
照片,80,1.69097306166311,1.8765944500414664,3.5675675117045764,473.7486208647835
災難,82,1.7856486333083812,1.5320582013962063,3.3177068347045875,469.19940435900907
遭遇,53,1.4365300372920018,1.5045009989450893,2.9410310362370913,462.55341334365727
職業病,28,2.7380783554095363,2.392144231748605,5.130222587158141,455.7416125150421
語言,119,1.3784427684106955,1.6307465113711264,3.009189279781822,452.277576711251
間諜,112,1.7113172865455262,1.6674804620939878,3.378797748639514,448.9506265040245
進一步,156,2.0988276425946903,2.070869084297464,4.1696967268921545,446.9052738594485
巨頭,119,1.5531592816322477,1.8915786429035408,3.4447379245357883,438.52589363557104
感染,52,1.376892588316402,1.376892588316402,2.753785176632804,437.465492362044
開始,347,2.1882314739885835,2.6148731260157163,4.8031046000043,435.90474704470654
服務,133,1.732478853651949,1.8053574035186524,3.5378362571706017,433.7060803317421
工傷保險,11,2.0982737395252498,1.3896811919839047,3.4879549315091545,433.5179487179487
如何,518,2.7211417261840176,3.2327358647325286,5.953877590916546,428.63580346611457
預計,162,1.8713657107107378,1.4363955101284525,3.30776122083919,423.2318996221925
競爭,333,1.742057309651883,2.3422226129302923,4.0842799225821755,421.7230496115233
困境,126,1.3606036644935842,1.4653759536664108,2.825979618159995,411.81670033539854
面臨,387,2.7714700079621943,2.096373156853529,4.867843164815723,410.57557945266717
協議,53,1.7182362674635545,1.5188031615422046,3.237039429005759,409.67475883509354
保護,160,2.063256232133122,2.2376726053054035,4.3009288374385255,406.8203624332656
世界,674,3.0214929806212827,3.0026863740564056,6.024179354677688,400.909541232761
危害,115,1.3023316037962076,1.5634111291204795,2.8657427329166874,400.0798378550778
吸引,226,1.7528850995970282,1.7830203834834673,3.5359054830804952,398.9712233220566
用人單位,5,1.3321790402101223,1.3321790402101223,2.6643580804202447,394.7974314068885
影響,611,2.962046463565076,2.167314835638612,5.129361299203688,392.6422270113305
診斷,9,1.303092403761719,1.8891591637540215,3.192251567515741,390.66700898587936
公寓,45,1.586963134642437,1.586963134642437,3.173926269284874,388.6712643678161
疫情期間,56,1.3644611211111422,1.595388983074385,2.959850104185527,386.54494978362044
數千,117,1.932458979548029,1.8990868702803125,3.8315458498283412,382.13897421037376
維吾爾族,11,1.9722469794234416,1.9722469794234416,3.9444939588468833,380.24780208546315
總統,170,2.1283792097661167,2.2072415564565726,4.335620766222689,379.9069472348525
努力,236,1.9379573534470274,2.463457101873371,4.401414455320398,378.7595411333078
採取,100,2.031280746820822,1.534383363429363,3.565664110250185,377.38232750202286
俄羅斯,392,2.59718638435611,2.4873278065649216,5.084514190921031,376.9721293199554
哈馬斯,93,1.8996911563461059,1.6772379337171743,3.57692909006328,376.9721293199554
亞裔,106,2.002710353802196,1.8337681064722982,3.836478460274494,370.8716760134925
身份,129,1.8409433736879246,2.035472061991555,3.8764154356794798,370.6947332639317
意味著,197,2.133891530796154,2.180976256232882,4.314867787029035,366.44287667125997
標準,84,1.5469217187912236,1.3277665642626408,2.8746882830538647,366.409907120743
觀眾,154,1.6762380404476942,1.4272825566583087,3.103520597106003,365.9207083128382
自己,668,3.613235491725534,2.620652402152549,6.233887893878083,365.60752903549
某種,61,1.3533464197422387,1.3533464197422387,2.7066928394844774,360.2931703056768
尋求,95,1.8301947536789875,1.8301947536789875,3.660389507357975,356.5435222952912
幾乎,170,1.6788386305495349,1.9057387691412098,3.584577399690745,353.47439232107826
週四,139,1.5384785446701637,1.4684419910103041,3.006920535680468,345.7657721280603
拜登政府,311,1.670508636405752,1.7764527664647265,3.4469614028704783,345.4614511559151
抗議,268,3.241530654348901,2.035825912130298,5.277356566479199,344.01406082140403
公司,803,2.53781246756181,3.5201712717023876,6.0579837392641975,342.2182294817504
企業,375,2.0764738484288854,2.6430174228859395,4.7194912713148245,341.3113695090439
持續,394,2.5363123773238727,2.4766524646621813,5.012964841986054,340.8517819223782
歐洲,171,1.3647924253048094,2.1219434173951144,3.4867358426999235,339.91213946229067
價格,172,2.048060859563308,1.513307438702093,3.561368298265401,337.3095510814816
陷入,289,2.6906797792076698,2.541161920209324,5.231841699416994,331.8120163658897
工廠,203,1.4984920815825233,1.881042147396181,3.379534228978704,329.6035340439834
獲得,374,3.0806043639639866,2.7549821938559687,5.835586557819955,327.72514447122234
印度,447,1.3260373272585317,2.7335455489201776,4.059582876178709,326.42765698292175
支持,425,2.477647116685512,2.475481633274293,4.953128749959805,324.32032316667227
軍隊,80,1.515824036410901,1.6346691553644144,3.1504931917753156,323.69893502453033
全球,629,2.9027199305501656,3.500700466891972,6.4034203974421375,322.20582505446026
非洲,309,2.2636039834865773,1.93014470790679,4.193748691393367,319.64884865653653
經濟,1120,2.8080011097515527,3.2285623371088223,6.0365634468603755,313.68835194070823
將軍澳,6,1.7917594692280547,1.3296613488547582,3.1214208180828127,313.67717996289423
指控,210,2.2405549910278313,2.3724069732952757,4.612961964323107,312.93417211100945
華裔,111,1.6057711092598799,2.151998902483424,3.757770011743304,311.6715713953566
關係,710,2.714778443990823,2.7301360789162894,5.444914522907112,310.3662230380908
關鍵,140,1.877439434040082,1.877439434040082,3.754878868080164,305.99486778403326
解決,152,1.712755601275488,1.857669589462831,3.570425190738319,303.65337193158655
設備,152,2.2717903791727427,1.9781186640343988,4.249909043207142,301.8531136488435
媒體,166,1.772403791204775,1.8546866659307815,3.6270904571355564,301.48051829472973
那麼,34,1.3101432003616609,1.4833819359032279,2.793525136264889,300.79656737699986
兩國之間,99,1.5005315690358978,1.5005315690358978,3.0010631380717956,299.9879561258872
製造,223,1.8477505749632206,1.5783142499747762,3.426064824937997,299.9566888102152
金豆,7,1.5498260458782016,1.7478680974667573,3.297694143344959,297.1015438684574
效果,59,1.3346408135614678,1.3346408135614678,2.6692816271229356,296.91772830098824
外交,427,2.516654432118943,2.355625518603625,4.872279950722568,296.6132784975769
最佳,136,1.8044566109605915,1.6975483303832162,3.5020049413438077,296.4072446019981
打破,65,1.349472737100806,1.3192465415666255,2.6687192786674316,293.6689647800759
撤回,5,1.6094379124341005,1.3321790402101223,2.941616952644223,293.52777777777777
政府,1225,2.598674043457293,3.544868366790269,6.143542410247562,288.4612076784844
加薩,203,1.970583914596706,1.9577363036391613,3.928320218235867,287.4880407423074
導致,390,2.304884363501746,3.0470881747489145,5.35197253825066,287.3745042492918
再次,175,2.426056902239984,2.4633143506438477,4.889371252883832,286.72655561046986
塵肺病患者,8,1.9061547465398496,2.0794415416798357,3.9855962882196856,285.4439168513243
傳統,161,2.093756022861529,1.8685646253901989,3.962320648251728,284.92795310619147
戰略,176,2.208026388368628,1.970307257631835,4.178333646000463,283.9891965146353
新疆,109,1.79421022476443,2.274125258448048,4.068335483212478,283.79689467058336
抗議活動,59,2.229262689359614,2.07156374043368,4.300826429793294,283.5589098532495
種族,140,2.492312698744113,2.351091698540518,4.8434043972846315,283.18573906801464
獨立,97,1.8930755860369348,1.6983824204706113,3.591458006507546,283.17334024000695
項目,336,2.5222644325002817,2.2166474514719825,4.738911883972264,281.20918352193416
居民,195,1.5882478106077564,2.1067218748616985,3.694969685469455,280.7273408462937
機構,392,2.5226572316517855,3.1927730960806766,5.715430327732462,280.68516832328913
動盪,96,1.9179881236493261,1.6002752687949822,3.5182633924443083,280.6356221228036
地緣政治,86,1.9117632332313348,1.7597424527861378,3.671505686017473,278.88164948453607
女性,424,2.761309125533792,2.788383462147081,5.549692587680873,276.08907375312924
塑造,112,1.694077327994127,1.4151491352989058,3.109226463293033,273.9107146085944
該應用,69,1.5991112470215352,1.3552664401341235,2.9543776871556586,272.62348830959417
言論,132,1.6577960352315735,1.300027215962912,2.9578232511944855,271.89279013669255
數據,173,1.7591793231010873,1.9052239641423392,3.6644032872434265,271.86035876940235
湧入,72,1.499561351617766,1.3084389917016188,2.8080003433193848,271.4199331103679
原因,172,1.53187409543155,1.4710192445497317,3.0028933399812816,268.234582249525
安全,622,2.595848925061317,2.839342353257284,5.435191278318602,266.95194941348785
新冠,294,1.8427206189496397,1.9518448694928126,3.7945654884424522,263.2059527859668
服裝,66,1.3507742375787262,1.4000292335471274,2.7508034711258533,261.3137872489901
移民,198,2.085892878181301,2.0759480087239632,4.161840886905264,259.5672310119835
關注,293,2.094655508592798,2.0227275350122516,4.11738304360505,258.344611790229
走向,54,1.5753676161851344,1.5753676161851344,3.150735232370269,258.2620982284926
莫言,51,1.5289480822904473,1.5125943140430311,3.0415423963334787,256.7876351290986
文化,419,2.722074039343698,2.3113877524127298,5.033461791756428,256.6653188698796
控制,276,2.562678762061116,2.097289529127966,4.659968291189082,256.26817507825797
需要,205,2.3743872820205008,2.4695729048687554,4.843960186889256,254.93459256889201
仍然,212,2.2104308503852357,1.9723637120706319,4.182794562455868,251.511820996588
整體,96,1.3327739327183643,1.5275286318902737,2.860302564608638,251.46660469439922
西藏,50,1.3838255465925058,1.3838255465925058,2.7676510931850116,249.36321467814133
表示,828,2.930223020916363,1.4516057086086056,4.381828729524969,247.52448053213874
法律,111,1.7707920825131682,2.0427036478639615,3.81349573037713,247.18779800321386
以色列,231,1.8589141360563797,2.592700359426553,4.451614495482933,246.91055129609347
獎項,85,1.5530969605905116,1.3583663455249981,2.9114633061155097,246.74203988427897
報告,139,1.6908591940164117,1.936548574252025,3.6274077682684367,246.18503416325558
事件,207,2.117953003590556,1.6290121555495545,3.7469651591401103,243.4213458528952
旅遊業,73,1.3230379462178303,1.6078929519273968,2.930930898145227,243.24509262908947
角色,75,1.6834739471447566,1.4106820426345301,3.0941559897792867,242.86719816131583
擔心,283,2.329048590999311,2.074135415278406,4.403184006277717,240.64313833967248
火車,75,1.534302881523027,1.6241796334227985,3.1584825149458258,240.33319592318298
設計,225,2.4299942658345253,2.125000212119613,4.554994477954138,240.15075234130128
融入,93,1.4224224239950263,1.4224224239950263,2.8448448479900525,239.0346001824263
主義,394,2.677135369736158,3.0231301431357642,5.700265512871923,238.5764712623918
群體,141,1.8694277175338019,1.6412070165020767,3.510634734035879,238.08795785373647
市場,651,2.6391304599423355,2.0062500712813556,4.645380531223691,235.5584680741779
日益,459,2.937310630214741,2.398774787091089,5.33608541730583,235.45274655258726
官員,494,2.286873489985614,2.5626024509609766,4.84947594094659,234.2384043369189
選舉,167,2.340601467867919,2.240871149300246,4.581472617168165,233.76073385988443
嚴重,371,2.3227695342595736,2.112904672220439,4.435674206480012,231.88460059740333
結果,197,1.8510569216837136,1.8143368343229769,3.6653937560066905,231.7972872344127
目標,230,1.718718829385769,1.7500271002325938,3.468745929618363,230.63568319039655
董事會,65,1.6094379124341005,1.6094379124341005,3.218875824868201,226.79007377598924
質量,153,1.8047441856291124,1.878335358440618,3.6830795440697304,224.94709381195864
食物,248,1.863031271151147,1.974583328912702,3.8376146000638487,221.51413062140924
入侵,162,2.255012513451765,2.2304864542672918,4.485498967719057,220.07021603543348
危機,271,2.4859649047676804,2.0804897117931205,4.566454616560801,219.33962363506674
當局,160,1.8889467337471004,2.3955279356210966,4.284474669368197,217.30222993380892
知道,80,1.6504757252392412,1.8420135040086472,3.492489229247888,217.20801014918663
經濟增長,129,1.5458837019500864,1.5795602250604877,3.125443927010574,216.97461201750892
小說,157,2.1234088850020885,1.4028524828734774,3.526261367875566,215.84858895805294
如今,209,1.6213049467435647,1.9644298853601443,3.585734832103709,215.4446588563816
享受,48,1.5485487101060535,1.5485487101060535,3.097097420212107,214.52434575733542
家庭,159,2.07487427674959,1.5678450448456318,3.6427193215952216,211.63948984411903
礦山,5,1.6094379124341005,1.6094379124341005,3.218875824868201,210.83925676518268
能夠,105,1.8197306348338893,1.8329334382731262,3.6526640731070152,210.63474972191324
取消,207,1.5840888224151306,1.9419734312386545,3.526062253653785,208.3862879564863
數字,77,1.9317005587822895,1.9752200012607521,3.9069205600430417,206.87341490545052
學校,56,1.7430974304916569,1.6186779010949086,3.3617753315865655,205.47501831104356
亞洲,217,2.0650078648463035,2.319303570451355,4.384311435297659,201.5603742384204
消費者,257,1.5000238312708967,2.332537817580691,3.8325616488515877,200.80041960982754
幾乎沒有,52,1.4388551615854883,1.4388551615854883,2.8777103231709766,199.7896602658789
通過,388,2.8422099345657763,2.613858256550111,5.456068191115888,199.41008602608144
改變,125,2.2089024022867774,1.7618701574599036,3.970772559746681,198.97939969118366
罷工,11,1.4142790651247086,1.9722469794234416,3.38652604454815,198.6957264957265
社會,285,2.44708539534972,2.075138780960336,4.522224176310056,198.368811333474
最終,102,1.7317192679236384,2.12325921780712,3.8549784857307583,197.3998454714552
廣告,61,1.3740170028514598,2.2093136141276095,3.5833306169790693,195.81894129262554
大屠殺,6,1.5607104090414063,1.5607104090414063,3.1214208180828127,195.79849449913144
加拿大,198,1.7057098284342136,2.351159236969648,4.056869065403862,195.7984944991314
政治,453,2.789142995235652,3.3306051493937225,6.119748144629375,194.32219613852786
建立,206,2.1976214207341083,2.2024464041561207,4.400067824890229,193.90556042701854
增長,359,2.219389073637592,2.0110911548258192,4.230480228463412,193.7392109265652
監視,73,1.919034960599432,1.7990660348838523,3.718100995483284,193.2659896807936
經歷,283,1.696853876977364,2.0778967380333815,3.7747506150107455,191.90726981395807
起訴,95,1.5337608092381507,1.6622133452759265,3.195974154514077,191.73794836441556
累計,9,1.6769877743224173,1.5810937501718239,3.258081524494241,190.6588146848766
政策,393,2.563803602154982,2.2965867327735463,4.860390334928528,189.9959710568041
新聞,172,1.8455188925115364,1.4637164297001513,3.3092353222116877,189.93410849548766
使用,293,2.78165443359305,2.7087028903652937,5.490357323958344,186.87503619098277
電影,408,2.3595025401432985,2.582914757725657,4.942417297868955,186.19661192627865
事故,213,2.224900406884467,2.0182918353555905,4.243192242240058,186.13431192660553
我們,734,2.406597614465314,3.4725879349010356,5.879185549366349,185.47303423473917
關閉,88,1.710791375057183,1.710791375057183,3.421582750114366,183.30354112316775
沒有,476,2.6664221048954837,3.563969865555728,6.230391970451212,180.7982476930767
科技公司,64,1.3080537220151955,1.3080537220151955,2.616107444030391,180.27060729621778
要求,229,1.7189246512565952,2.59435836664262,4.313283017899215,180.12951370715425
保持,267,2.103499966817695,2.1685950748541583,4.272095041671854,179.456267143709
變得,304,2.517735834598716,1.8736082747179656,4.391344109316682,179.05677099300465
雙方,101,1.5301716715447025,1.8378613056477646,3.368032977192467,177.73804976294684
任何,102,2.0269086756561614,2.1632269615191237,4.190135637175285,175.73887833038657
共同,205,2.1835541435449195,2.212649277681149,4.396203421226069,174.6527957994351
利益,254,1.884486642910986,1.6150052344349497,3.499491877345936,173.8409922601121
軍事,199,1.9566110113713506,2.116835987782192,4.073446999153543,172.94812377917137
法案,221,1.3229119000346117,1.4519871523405714,2.774899052375183,170.1979247328481
專家,332,2.2855999270031297,2.2010182672955794,4.486618194298709,169.3678836521634
奧運,104,1.8982521338433718,1.8157622922802235,3.7140144261235952,167.38407644070017
暴力,97,2.199835956037768,1.8165628930763276,4.016398849114095,166.9472944841171
數十,113,1.947797300248456,1.524411257315514,3.4722085575639703,166.9427413629264
西方,422,2.611535389849977,2.8483536957027464,5.459889085552724,166.69336079299705
看起來,59,1.6883392120269338,1.8534462572361436,3.5417854692630772,166.40944881889763
方式,264,2.2543354931655544,1.5141230026290686,3.768458495794623,166.0556370921388
困難,50,1.3189364475822436,1.3189364475822436,2.637872895164487,165.8804599505514
科學家,115,1.5701935022177818,2.001251789614947,3.571445291832729,165.4324853228963
年輕,308,1.9189880797517156,1.74999417130546,3.6689822510571757,163.5138561149498
明星,55,1.6476058661858897,1.3255529757996478,2.9731588419855375,162.5472073276785
危險,44,1.7513477339488555,1.3469635685494608,3.098311302498316,162.5008710278128
目前,385,1.5141379382375029,2.714779717308597,4.2289176555461,162.47387272704583
爆發,74,1.6292405096647222,1.3172292836559172,2.9464697933206394,162.3498390947784
投資者,248,1.8502980431371299,2.0529723395417308,3.9032703826788606,161.21225263465482
首次,55,1.430219987667537,1.4943192940228818,2.9245392816904188,161.1548993102492
交易,88,1.3308868253164485,1.567187000507339,2.8980738258237873,158.75051082195657
確保,61,1.351121788137276,1.4060561663477942,2.75717795448507,157.87817833907388
擁有,209,2.2235333066967278,1.7278893858353128,3.9514226925320406,156.38965915943328
地區,263,2.037459669457767,2.506510714455866,4.543970383913633,156.05505066900636
超越,98,1.430614408106625,1.430614408106625,2.86122881621325,155.81500498410728
戰爭,389,2.712215420181975,2.4338181408034822,5.146033560985457,154.37157942792226
該地區,84,1.5306916044167285,1.4440676595413335,2.9747592639580622,153.9563293214703
被視為,44,1.4493357706909245,1.4493357706909245,2.898671541381849,153.69070418461473
性別,129,1.635217686906351,1.7536728553801921,3.388890542286543,152.7250879680689
擴大,127,2.03507682133998,1.877632969172583,3.9127097905125634,152.55465522324965
成功,96,1.7310112172605587,1.8172793873241095,3.5482906045846683,151.9385539969389
意義,121,1.9296489520783933,1.3972469846210678,3.326895936699461,151.64644487932156
可能,1260,3.558532426415166,3.3775121938518913,6.936044620267057,149.7403434042037
各種,103,1.8641514498768719,1.972849891259168,3.83700134113604,148.7442243836816
產品,180,2.4876499962121654,2.2776872040297995,4.765337200241965,148.46251600707362
以及,787,1.8306924899251433,3.506927792483231,5.337620282408374,148.44813129872085
大陸,143,1.4462348561239746,1.6458240659613552,3.0920589220853296,145.82908704883226
過去,255,1.9430565734739242,2.014529323295279,3.9575858967692032,145.0919921250568
針對,94,1.933275898231546,1.862415310986327,3.795691209217873,144.1056893245259
文件,81,1.726809095686272,1.7906417927316935,3.5174508884179656,143.5855626326964
情報,221,2.023714547707855,1.8479079200733257,3.871622467781181,142.3657071770736
期間,331,2.0918547242042385,2.1028397466783004,4.194694470882538,141.31698186342868
等待,58,1.4401020865863352,1.5045963372639792,2.9446984238503147,140.7038077302484
運動,382,2.8486765185934866,1.8123053393435011,4.660981857936988,140.4922225213247
決定,110,1.94953120117227,2.0558646016815256,4.005395802853796,140.46236924587438
真正,187,2.2383972777507406,1.941541918738011,4.179939196488752,138.85140096618358
日本,497,1.8169116530925025,2.880277504188189,4.697189157280691,138.45772862930548
許多,415,2.1300198478899555,3.1340380340620286,5.2640578819519845,137.866092919528
這座城市,73,1.695063201786263,1.695063201786263,3.390126403572526,137.76376827770957
創造,133,1.7857488695561294,1.4607108167330343,3.246459686289164,135.35041171088747
找到,98,1.942507382524091,1.7449113456587537,3.6874187281828448,133.98880802199577
之間,464,2.1455278456484357,2.2635799639483274,4.4091078095967635,133.91555830577187
重要,479,2.474162766311858,2.1791999263370916,4.653362692648949,133.63214214407466
參加,160,2.235354531826795,2.049278231440671,4.2846327632674654,133.012188001303
完全,31,1.729318471343325,1.729318471343325,3.45863694268665,131.94949838248806
流感,128,1.5313577429631124,1.6137725037214206,3.1451302466845332,130.71445569910787
進行,585,3.1617491380857268,2.8854686775533183,6.047217815639045,130.67266475758265
委員會,10,1.6094379124341,2.1639556568820564,3.7733935693161564,129.59432787199387
建設,155,1.3427875443159651,1.3427875443159651,2.6855750886319303,129.44014244947402
自由,399,2.696834882798592,2.525075252299067,5.221910135097659,126.70926576981213
遭到,165,1.9217095297100308,1.8957878000521016,3.8174973297621326,126.00216802168023
不斷,245,2.6392953643246626,2.413692841648437,5.052988205973099,125.98318100944358
引發,550,2.9769410552212943,1.525924228639155,4.50286528386045,124.60016293628335
帶來,716,3.099123019734606,2.3066687515805295,5.405791771315135,124.50278511424315
生活,587,2.534269606353955,2.2503405773018494,4.784610183655804,124.1940472860898
明確,56,1.7181828923669846,1.4973738141749882,3.215556706541973,123.01537362155491
該公司,204,1.6055922366127695,2.236624485947385,3.8422167225601545,122.4584145874922
基金,44,1.6244149365346172,1.7452229470105245,3.369637883545142,122.39399149398244
承受,100,1.4941469613656166,1.5152943757808146,3.0094413371464315,121.67611234054803
法院,71,1.5360898755325283,1.7703931478344819,3.30648302336701,121.57786420353267
愈發,86,1.5450398487321744,1.5450398487321744,3.0900796974643487,118.83513681388735
影片,164,2.114025469815864,2.373350422243548,4.487375892059411,117.77917102055034
商業,202,1.7076494384250904,1.943485353796889,3.6511347922219795,117.14531110653769
時尚,106,1.9082223842998822,2.0782396172674162,3.9864620015672987,116.98193211488251
超過,110,2.2520629965454986,1.608344743254751,3.86040773980025,115.90016514504721
製作,170,1.8637803737472747,2.0795939363259706,3.9433743100732452,115.33572761381193
認為,451,2.7262777119181747,2.3677127760707104,5.093990487988885,114.33050398912042
造成,408,2.4271224434559664,2.390896453250064,4.818018896706031,114.0234207831557
利用,323,2.0750598193151832,2.2969524324799084,4.372012251795091,113.04926448973845
普通,137,1.577844433650176,1.544744532868902,3.122588966519078,112.85855445872595
警署,5,1.3321790402101223,1.6094379124341005,2.941616952644223,112.45227801795808
活動,451,2.9783521326964597,2.4750818079601586,5.453433940656618,111.98342236761428
比亞,76,1.6928223862875278,1.7361886608402162,3.429011047127744,111.93797423142928
部分,189,1.9006582115936173,2.286697170319924,4.187355381913541,111.5480355366275
被迫,66,1.4589857288653965,1.4589857288653965,2.917971457730793,111.16758444974108
數量,129,1.473872590601783,1.834945265399454,3.3088178560012373,110.62017231869449
情節,79,1.5632410481104129,1.5632410481104129,3.1264820962208257,110.186877415576
實現,170,2.409820571286661,2.3203500295507054,4.730170600837367,109.48121414117368
賽場,40,1.3721443232369888,1.3721443232369888,2.7442886464739775,109.03474405481661
學習,84,1.7401271140410703,1.7401271140410703,3.4802542280821407,108.21432490094485
變成了,56,1.4679299350804185,1.4679299350804185,2.935859870160837,107.46701399234406
公眾,147,2.058380201961094,1.7452532713900444,3.8036334733511383,107.39600725952813
當地,350,2.069811075274041,2.492350083812491,4.562161159086532,107.02694881533732
展現了,51,1.4399735247525793,1.4399735247525793,2.8799470495051587,106.93394348642967
工作,534,2.9995635941699206,2.5056521302419816,5.505215724411903,106.82906535089278
突然,67,1.4881122250941163,1.4343441509506292,2.9224563760447455,106.26725767489857
導演,83,1.4918394258673542,1.5352425700554704,3.0270819959228246,105.82938159879336
出售,126,1.3328889448275698,1.3328889448275698,2.6657778896551396,105.33299710746866
創始人,53,1.324542860562179,1.324542860562179,2.649085721124358,105.14427860696519
人工智慧,219,2.4105739823124184,2.323191863271284,4.733765845583703,105.14427860696517
參與,144,1.9080173696437988,1.3631911823147718,3.2712085519585705,104.95820660667134
更多,988,2.080640726601836,3.5458087137022156,5.626449440304052,104.36151991103446
增加,323,2.348939417764648,2.339920751013956,4.688860168778604,104.10832476650323
前往,42,1.5205843352549104,1.7525204225726103,3.2731047578275207,102.80165038002171
讓我們,101,1.7759543701931946,1.7759543701931946,3.551908740386389,102.71380021774304
生育,150,1.9163155421777818,1.7368142639792157,3.6531298061569975,102.38039009089202
代表,282,2.039600018648205,1.7977405964524735,3.837340615100678,101.9375428607775
凸顯出,77,1.5874627048497867,1.5874627048497867,3.1749254096995734,101.80281513919299
個月,261,1.4265986075788664,1.4300009726491711,2.8565995802280373,100.31163859633969
